Workbook

Sheet Backlog Priorizado
A1: Ordem | B1: Sprint | C1: Período sugerido | D1: Épico | E1: ID | F1: Título | G1: User Story | H1: Prioridade | I1: MVP | J1: Dependência
A2: 1 | B2: 1 | C2: Set/2026 — Base e Autenticação | D2: EP01 — Acesso e Controle de Usuários | E2: PB01 | F2: Autenticação | G2: Como Usuário cadastrado, quero realizar login no P&D Connect para acessar de forma segura as funcionalidades correspondentes ao meu perfil. | H2: Must Have | I2: Sim | J2: —
A3: 2 | B3: 1 | C3: Set/2026 — Base e Autenticação | D3: EP01 — Acesso e Controle de Usuários | E3: PB02 | F3: Encerramento de sessão | G3: Como Usuário autenticado, quero encerrar minha sessão para impedir que terceiros continuem utilizando minha conta. | H3: Must Have | I3: Sim | J3: PB01
A4: 3 | B4: 1 | C4: Set/2026 — Base e Autenticação | D4: EP01 — Acesso e Controle de Usuários | E4: PB03 | F4: Recuperação de acesso | G4: Como Usuário cadastrado, quero recuperar meu acesso caso esqueça minha senha para voltar a utilizar a plataforma sem intervenção técnica. | H4: Should Have | I4: Sim | J4: PB01
A5: 4 | B5: 1 | C5: Set/2026 — Base e Autenticação | D5: EP01 — Acesso e Controle de Usuários | E5: PB04 | F5: Controle de acesso por perfil | G5: Como Administrador, quero disponibilizar funcionalidades conforme o perfil do usuário para impedir acessos não autorizados. | H5: Must Have | I5: Sim | J5: Perfis: Demandante Externo, Pesquisador, Supervisor e Administrador
A6: 5 | B6: 1 | C6: Set/2026 — Base e Autenticação | D6: EP01 — Acesso e Controle de Usuários | E6: PB05 | F6: Gerenciamento de usuários | G6: Como Administrador, quero consultar e gerenciar usuários para administrar os acessos à plataforma. | H6: Must Have | I6: Sim | J6: —
A7: 6 | B7: 1 | C7: Set/2026 — Base e Autenticação | D7: EP01 — Acesso e Controle de Usuários | E7: PB06 | F7: Ativação e desativação de usuários | G7: Como Administrador, quero ativar ou desativar contas para controlar quem pode utilizar a plataforma. | H7: Should Have | I7: Sim | J7: PB05
A8: 7 | B8: 2 | C8: Set/2026 — Rede de Pesquisadores | D8: EP02 — Gestão da Rede de Pesquisadores | E8: PB07 | F8: Cadastro de pesquisador pelo Supervisor | G8: Como Supervisor, quero cadastrar pesquisadores na rede da AC2 para disponibilizá-los para o P&D Connect e para o processo de matching. | H8: Must Have | I8: Sim | J8: Não existe autocadastro público de pesquisador
A9: 8 | B9: 2 | C9: Set/2026 — Rede de Pesquisadores | D9: EP02 — Gestão da Rede de Pesquisadores | E9: PB08 | F9: Disponibilização de acesso ao pesquisador | G9: Como Pesquisador cadastrado, quero receber acesso à plataforma após meu cadastro pelo Supervisor para utilizar as funcionalidades destinadas ao meu perfil. | H9: Must Have | I9: Sim | J9: PB07
A10: 9 | B10: 2 | C10: Set/2026 — Rede de Pesquisadores | D10: EP02 — Gestão da Rede de Pesquisadores | E10: PB09 | F10: Consulta da rede de pesquisadores | G10: Como Supervisor, quero consultar os pesquisadores cadastrados para conhecer a composição atual da rede de pesquisa. | H10: Must Have | I10: Sim | J10: —
A11: 10 | B11: 2 | C11: Set/2026 — Rede de Pesquisadores | D11: EP02 — Gestão da Rede de Pesquisadores | E11: PB10 | F11: Edição do próprio perfil | G11: Como Pesquisador, quero editar meu perfil profissional para manter minhas informações atualizadas e melhorar a qualidade do matching. | H11: Must Have | I11: Sim | J11: —
A12: 11 | B12: 2 | C12: Set/2026 — Rede de Pesquisadores | D12: EP02 — Gestão da Rede de Pesquisadores | E12: PB11 | F12: Formação e titulação | G12: Como Pesquisador, quero cadastrar e atualizar minha formação e titulação para permitir que o sistema conheça minha qualificação acadêmica. | H12: Must Have | I12: Sim | J12: PB10
A13: 12 | B13: 2 | C13: Set/2026 — Rede de Pesquisadores | D13: EP02 — Gestão da Rede de Pesquisadores | E13: PB12 | F13: Competências e técnicas | G13: Como Pesquisador, quero cadastrar minhas competências e técnicas para permitir que sejam consideradas durante o matching. | H13: Must Have | I13: Sim | J13: PB10
... A79: 78 | B79: 8 | C79: Nov-Dez/2026 — Dashboards e Testes de Aceitação | D79: EP08 — Acompanhamento, Rastreabilidade e Gestão | E79: PB78 | F79: Relatório da pré-análise | G79: Como Supervisor, quero gerar uma visão consolidada da pré-análise para documentar resultados, lacunas e recomendações. | H79: Should Have | I79: Sim | J79: —

Sheet Resumo por Sprint
A1: Sprint | B1: Período sugerido | C1: Épico | D1: Total PBIs | E1: Must Have | F1: Should Have | G1: Could Have | H1: MVP = Sim | I1: MVP = Não
A2: 1 | B2: Set/2026 — Base e Autenticação | C2: EP01 — Acesso e Controle de Usuários | D2: =COUNTIF('Backlog Priorizado'!$B$2:$B$79,A2) -> 6 | E2: =COUNTIFS('Backlog Priorizado'!$B$2:$B$79,A2,'Backlog Priorizado'!$H$2:$H$79,"Must Have") -> 4 | F2: =COUNTIFS('Backlog Priorizado'!$B$2:$B$79,A2,'Backlog Priorizado'!$H$2:$H$79,"Should Have") -> 2 | G2: =COUNTIFS('Backlog Priorizado'!$B$2:$B$79,A2,'Backlog Priorizado'!$H$2:$H$79,"Could Have") -> 0 | H2: =COUNTIFS('Backlog Priorizado'!$B$2:$B$79,A2,'Backlog Priorizado'!$I$2:$I$79,"Sim") -> 6 | I2: =COUNTIFS('Backlog Priorizado'!$B$2:$B$79,A2,'Backlog Priorizado'!$I$2:$I$79,"Não") -> 0
A3: 2 | B3: Set/2026 — Rede de Pesquisadores | C3: EP02 — Gestão da Rede de Pesquisadores | D3: =COUNTIF('Backlog Priorizado'!$B$2:$B$79,A3) -> 10 | E3: =COUNTIFS('Backlog Priorizado'!$B$2:$B$79,A3,'Backlog Priorizado'!$H$2:$H$79,"Must Have") -> 7 | F3: =COUNTIFS('Backlog Priorizado'!$B$2:$B$79,A3,'Backlog Priorizado'!$H$2:$H$79,"Should Have") -> 3 | G3: =COUNTIFS('Backlog Priorizado'!$B$2:$B$79,A3,'Backlog Priorizado'!$H$2:$H$79,"Could Have") -> 0 | H3: =COUNTIFS('Backlog Priorizado'!$B$2:$B$79,A3,'Backlog Priorizado'!$I$2:$I$79,"Sim") -> 10 | I3: =COUNTIFS('Backlog Priorizado'!$B$2:$B$79,A3,'Backlog Priorizado'!$I$2:$I$79,"Não") -> 0
A4: 3 | B4: Set-Out/2026 — Gestão de Oportunidades | C4: EP03 — Gestão de Oportunidades de P&D | D4: =COUNTIF('Backlog Priorizado'!$B$2:$B$79,A4) -> 12 | E4: =COUNTIFS('Backlog Priorizado'!$B$2:$B$79,A4,'Backlog Priorizado'!$H$2:$H$79,"Must Have") -> 8 | F4: =COUNTIFS('Backlog Priorizado'!$B$2:$B$79,A4,'Backlog Priorizado'!$H$2:$H$79,"Should Have") -> 3 | G4: =COUNTIFS('Backlog Priorizado'!$B$2:$B$79,A4,'Backlog Priorizado'!$H$2:$H$79,"Could Have") -> 1 | H4: =COUNTIFS('Backlog Priorizado'!$B$2:$B$79,A4,'Backlog Priorizado'!$I$2:$I$79,"Sim") -> 11 | I4: =COUNTIFS('Backlog Priorizado'!$B$2:$B$79,A4,'Backlog Priorizado'!$I$2:$I$79,"Não") -> 1
A5: 4 | B5: Out/2026 — Copiloto IA | C5: EP04 — Copiloto IA de Estruturação | D5: =COUNTIF('Backlog Priorizado'!$B$2:$B$79,A5) -> 13 | E5: =COUNTIFS('Backlog Priorizado'!$B$2:$B$79,A5,'Backlog Priorizado'!$H$2:$H$79,"Must Have") -> 12 | F5: =COUNTIFS('Backlog Priorizado'!$B$2:$B$79,A5,'Backlog Priorizado'!$H$2:$H$79,"Should Have") -> 1 | G5: =COUNTIFS('Backlog Priorizado'!$B$2:$B$79,A5,'Backlog Priorizado'!$H$2:$H$79,"Could Have") -> 0 | H5: =COUNTIFS('Backlog Priorizado'!$B$2:$B$79,A5,'Backlog Priorizado'!$I$2:$I$79,"Sim") -> 13 | I5: =COUNTIFS('Backlog Priorizado'!$B$2:$B$79,A5,'Backlog Priorizado'!$I$2:$I$79,"Não") -> 0
A6: 5 | B6: Out-Nov/2026 — Matching e Equipe Potencial | C6: EP05 — Competências, Matching e Equipe Potencial | D6: =COUNTIF('Backlog Priorizado'!$B$2:$B$79,A6) -> 8 | E6: =COUNTIFS('Backlog Priorizado'!$B$2:$B$79,A6,'Backlog Priorizado'!$H$2:$H$79,"Must Have") -> 7 | F6: =COUNTIFS('Backlog Priorizado'!$B$2:$B$79,A6,'Backlog Priorizado'!$H$2:$H$79,"Should Have") -> 1 | G6: =COUNTIFS('Backlog Priorizado'!$B$2:$B$79,A6,'Backlog Priorizado'!$H$2:$H$79,"Could Have") -> 0 | H6: =COUNTIFS('Backlog Priorizado'!$B$2:$B$79,A6,'Backlog Priorizado'!$I$2:$I$79,"Sim") -> 8 | I6: =COUNTIFS('Backlog Priorizado'!$B$2:$B$79,A6,'Backlog Priorizado'!$I$2:$I$79,"Não") -> 0
A7: 6 | B7: Nov/2026 — Pré-análise PIPE/FAPESP | C7: EP06 — Pré-análise PIPE/FAPESP | D7: =COUNTIF('Backlog Priorizado'!$B$2:$B$79,A7) -> 11 | E7: =COUNTIFS('Backlog Priorizado'!$B$2:$B$79,A7,'Backlog Priorizado'!$H$2:$H$79,"Must Have") -> 9 | F7: =COUNTIFS('Backlog Priorizado'!$B$2:$B$79,A7,'Backlog Priorizado'!$H$2:$H$79,"Should Have") -> 2 | G7: =COUNTIFS('Backlog Priorizado'!$B$2:$B$79,A7,'Backlog Priorizado'!$H$2:$H$79,"Could Have") -> 0 | H7: =COUNTIFS('Backlog Priorizado'!$B$2:$B$79,A7,'Backlog Priorizado'!$I$2:$I$79,"Sim") -> 11 | I7: =COUNTIFS('Backlog Priorizado'!$B$2:$B$79,A7,'Backlog Priorizado'!$I$2:$I$79,"Não") -> 0
A8: 7 | B8: Nov/2026 — Avaliação e Decisão | C8: EP07 — Avaliação e Decisão | D8: =COUNTIF('Backlog Priorizado'!$B$2:$B$79,A8) -> 8 | E8: =COUNTIFS('Backlog Priorizado'!$B$2:$B$79,A8,'Backlog Priorizado'!$H$2:$H$79,"Must Have") -> 7 | F8: =COUNTIFS('Backlog Priorizado'!$B$2:$B$79,A8,'Backlog Priorizado'!$H$2:$H$79,"Should Have") -> 1 | G8: =COUNTIFS('Backlog Priorizado'!$B$2:$B$79,A8,'Backlog Priorizado'!$H$2:$H$79,"Could Have") -> 0 | H8: =COUNTIFS('Backlog Priorizado'!$B$2:$B$79,A8,'Backlog Priorizado'!$I$2:$I$79,"Sim") -> 8 | I8: =COUNTIFS('Backlog Priorizado'!$B$2:$B$79,A8,'Backlog Priorizado'!$I$2:$I$79,"Não") -> 0
A9: 8 | B9: Nov-Dez/2026 — Dashboards e Testes de Aceitação | C9: EP08 — Acompanhamento, Rastreabilidade e Gestão | D9: =COUNTIF('Backlog Priorizado'!$B$2:$B$79,A9) -> 10 | E9: =COUNTIFS('Backlog Priorizado'!$B$2:$B$79,A9,'Backlog Priorizado'!$H$2:$H$79,"Must Have") -> 2 | F9: =COUNTIFS('Backlog Priorizado'!$B$2:$B$79,A9,'Backlog Priorizado'!$H$2:$H$79,"Should Have") -> 5 | G9: =COUNTIFS('Backlog Priorizado'!$B$2:$B$79,A9,'Backlog Priorizado'!$H$2:$H$79,"Could Have") -> 3 | H9: =COUNTIFS('Backlog Priorizado'!$B$2:$B$79,A9,'Backlog Priorizado'!$I$2:$I$79,"Sim") -> 6 | I9: =COUNTIFS('Backlog Priorizado'!$B$2:$B$79,A9,'Backlog Priorizado'!$I$2:$I$79,"Não") -> 4
C10: TOTAL | D10: =SUM(D2:D9) -> 78 | E10: =SUM(E2:E9) -> 56 | F10: =SUM(F2:F9) -> 18 | G10: =SUM(G2:G9) -> 4 | H10: =SUM(H2:H9) -> 73 | I10: =SUM(I2:I9) -> 5
